"Reference","Qty","Value","DNP","Exclude from BOM","Exclude from Board","Datasheet","Footprint","MPN"
"C1,C2,C3,C4,C5,C6,C7,C8,C20,C21,C25,C27,C29,C31,C33,C34","16","22uF","","","","","Capacitor_SMD:C_0805_2012Metric","C3216X5R1V226M160AC"
"C9,C32","2","10nF","","","","","Capacitor_SMD:C_0201_0603Metric","UMK063BJ103KP-F"
"C10,C15,C18,C28,C30,C37","6","0.1uF","","","","","Capacitor_SMD:C_0402_1005Metric","CL05B104KO5NNNC,CL05B104KP5NNNC,GCM155R71H104KE02J"
"C11,C14","2","4.7uF","","","","","Capacitor_SMD:C_0402_1005Metric","CL05A475MP5NRNC"
"C12","1","0.01uF","","","","","Capacitor_SMD:C_0201_0603Metric","GRM033R71A103KA01D"
"C13","1","4.7nF","","","","","Capacitor_SMD:C_0201_0603Metric","GRM033R70J472KA01D"
"C16,C23,C36","3","0.1uF","","","","","Capacitor_SMD:C_0201_0603Metric","CL03A104KP3NNNC"
"C17","1","82pF","","","","","Capacitor_SMD:C_0201_0603Metric","0201ZA820JAT2A"
"C19","1","1uF","","","","","Capacitor_SMD:C_0201_0603Metric","CL03A105MP3NSNC"
"C22","1","12nF","","","","","Capacitor_SMD:C_0201_0603Metric","GRM033R61A123ME84D"
"C24","1","120pF","","","","","Capacitor_SMD:C_0201_0603Metric","GRM0335C1E560FA01D"
"C26","1","8.2nF","","","","","Capacitor_SMD:C_0201_0603Metric","GRM033R71A392KA01D"
"C35","1","10uF","","","","","Capacitor_SMD:C_0603_1608Metric","GRM188C81A106MA73D"
"C38","1","1uF","","","","","Capacitor_SMD:C_0402_1005Metric","GRM155Z71A105KE01J"
"D1,D9","2","LED_G","","","","","LED_SMD:LED_0603_1608Metric","LTST-C190KGKT"
"D2,D8","2","LED_Y","","","","","LED_SMD:LED_0603_1608Metric","LTST-C190KSKT"
"D3,D4,D5,D7,D10","5","LED_R","","","","","LED_SMD:LED_0603_1608Metric","LTST-C191KRKT"
"D6,D11","2","LED_B","","","","","LED_SMD:LED_0603_1608Metric","LTST-C190TBKT"
"J1","1","Barrel_Jack_Switch","","","","","Connector_BarrelJack:BarrelJack_GCT_DCJ200-10-A_Horizontal","RAPC712BKZ"
"J2,J4","2","Conn_01x14_Socket","","","","","Connector_PinSocket_2.54mm:PinSocket_1x14_P2.54mm_Vertical","PPTC141LFBN-RC"
"J3","1","Conn_01x05_Pin","","","","","Connector_PinSocket_2.54mm:PinSocket_1x05_P2.54mm_Vertical","PPTC051LFBN-RC"
"J5","1","2081880-1","","","","","SMA:TE_2081880-1","17-2081880-1-ND"
"L1","1","4.7uH","","","","","4.7uH:L_Wurth_WE-XHMI-5030","7443845030047"
"L2","1","4.7uH","","","","","Inductor_SMD:L_Coilcraft_XAL7070-XXX","XAL7070-472MEC"
"L3","1","3.3uH","","","","","3.3uH:L_Wurth_WE-XHMI-4040","74439325033"
"Q1,Q2","2","IPG20N04S4L-08A","","","","","IPG20N04S4L-08Atest:INF-PG-TDSON-8-10","IPG20N04S4L-08A"
"Q3","1","IRLML0040","","","","","IRLML0040TRPBF:SOT95P237X112-3N-2-V","IRLML0040TRPBF"
"R1,R5,R14,R24,R27","5","604R","","","","","Resistor_SMD:R_0201_0603Metric","CRCW0201604RFKED"
"R2,R20","2","4k53","","","","","Resistor_SMD:R_0603_1608Metric","ERJ-UP3F4531V"
"R3","1","8mR","","","","","Resistor_SMD:R_0805_2012Metric","ERJ-6LWFR008V"
"R4","1","49K9","","","","","Resistor_SMD:R_0201_0603Metric","ERJ-1GNF4992C"
"R6","1","8.45K","","","","","Resistor_SMD:R_0201_0603Metric","RC0201FR-078K45L"
"R7","1","24K9","","","","","Resistor_SMD:R_0201_0603Metric","ERJ-1GNF2492C"
"R8","1","20K","","","","","Resistor_SMD:R_0201_0603Metric","TNPW020120K0BEED"
"R9","1","52.3K","","","","","Resistor_SMD:R_0201_0603Metric","ERJ-1GNF5232C"
"R10","1","DNI","DNP","","","","Resistor_SMD:R_0201_0603Metric",""
"R11","1","10K","","","","","Resistor_SMD:R_0201_0603Metric","RC0201FR-0710KL"
"R12","1","18k","","","","","Resistor_SMD:R_0201_0603Metric","RC0201FR-0718KL"
"R13","1","7.5K","","","","","Resistor_SMD:R_0201_0603Metric","ERJ-1GNF7501C"
"R15","1","6.04K","","","","","Resistor_SMD:R_0201_0603Metric","RC0201FR-0712K1L"
"R16","1","10m","","","","","Resistor_SMD:R_0201_0603Metric","CSS0201FT10L0"
"R17","1","9mR","","","","","Resistor_SMD:R_0805_2012Metric","CRF0805-FZ-R009ELF"
"R18","1","100k","","","","","Resistor_SMD:R_0201_0603Metric","RC0201FR-07100KL"
"R19","1","5k76","","","","","Resistor_SMD:R_0201_0603Metric","ERJ-1GNF5761C"
"R21","1","300R","","","","","Resistor_SMD:R_0201_0603Metric","RC0201JR-07300RL"
"R22,R23","2","4.7K","","","","","Resistor_SMD:R_0402_1005Metric","CRCW04024K70FKED"
"R25","1","510R","","","","","Resistor_SMD:R_0201_0603Metric","RC0201JR-07510RL"
"R26","1","570R","","","","","Resistor_SMD:R_0201_0603Metric","ERJ-1GNF5760C"
"R28","1","340R","","","","","Resistor_SMD:R_0201_0603Metric","ERJ-1GNF3400C"
"R29,R30","2","2R","","","","","Resistor_SMD:R_0201_0603Metric","ERJ-1GNJ2R0C"
"R31","1","50R","","","","TVC1206CT-50R0JN-2STR","Resistor_SMD:R_1206_3216Metric","TVC1206CT-50R0JN-2STR"
"R32","1","0R","","","","","Resistor_SMD:R_0402_1005Metric","ERJ-2GE0R00X"
"SW1,SW2,SW3,SW4,SW5","5","SW_Push","","","","","Button_Switch_THT:SW_PUSH-12mm","1568-10302-ND"
"TP1","1","24VIN","","","","","TestPoint:TestPoint_Keystone_5000-5004_Miniature",""
"TP2,TP5,TP6","3","TestPoint","","","","","TestPoint:TestPoint_Keystone_5000-5004_Miniature",""
"TP3,TP4","2","TestPoint","","","","","TestPoint:TestPoint_Pad_1.0x1.0mm",""
"U1","1","","","","","","LM5137:VQFN36_6P1X6P1_TEX","LM5137"
"U2","1","","","","","","TPS55287:TPS55287_CORRECT","TPS55287"
"U3","1","","","","","","LMG1025-Q1:SON65P200X200X80-7N","LMG1025QDEETQ1"
